<?xml version="1.0" encoding="UTF-8"?>
<project-private xmlns="http://www.netbeans.org/ns/project-private/1">
    <editor-bookmarks xmlns="http://www.netbeans.org/ns/editor-bookmarks/2" lastBookmarkId="2">
        <file>
            <url>src/systemssoftwarecoursework/Client.java</url>
            <bookmark id="1">
                <name/>
                <line>608</line>
                <key/>
            </bookmark>
        </file>
        <file>
            <url>src/systemssoftwarecoursework/ChatServer.java</url>
            <bookmark id="2">
                <name/>
                <line>39</line>
                <key/>
            </bookmark>
        </file>
    </editor-bookmarks>
    <open-files xmlns="http://www.netbeans.org/ns/projectui-open-files/2">
        <group>
            <file>file:/C:/Users/Tanak/OneDrive/Documents/Java%20Coursework/JavaCoursework/SystemsSoftwareCoursework/src/systemssoftwarecoursework/Client.java</file>
            <file>file:/C:/Users/Tanak/OneDrive/Documents/Java%20Coursework/JavaCoursework/SystemsSoftwareCoursework/src/systemssoftwarecoursework/ProfilePage.java</file>
            <file>file:/C:/Users/Tanak/OneDrive/Documents/Java%20Coursework/JavaCoursework/SystemsSoftwareCoursework/src/systemssoftwarecoursework/MutliThreadedServer.java</file>
            <file>file:/C:/Users/Tanak/OneDrive/Documents/Java%20Coursework/JavaCoursework/SystemsSoftwareCoursework/src/systemssoftwarecoursework/FriendsPage.java</file>
            <file>file:/C:/Users/Tanak/OneDrive/Documents/Java%20Coursework/JavaCoursework/SystemsSoftwareCoursework/src/systemssoftwarecoursework/ServerHandler.java</file>
            <file>file:/C:/Users/Tanak/OneDrive/Documents/Java%20Coursework/JavaCoursework/SystemsSoftwareCoursework/src/systemssoftwarecoursework/ChatServer.java</file>
        </group>
    </open-files>
</project-private>
